eventGroup	count	month	year
Disturbances	1662	7	2010
Other Property	330	7	2010
Nuisance, Mischief 	270	7	2010
Traffic Related Calls	2668	7	2010
Suspicious Circumstances	2096	7	2010
Mental Health	271	7	2010
Liquor Violations	651	7	2010
Trespass	455	7	2010
Assaults	194	7	2010
Narcotics Complaints	265	7	2010
Accident Investigation	658	7	2010
Shoplifting	256	7	2010
Prowler	16	7	2010
Burglary	269	7	2010
Hazards	82	7	2010
Property Damage	203	7	2010
Car Prowl	409	7	2010
Bike	32	7	2010
Prostitution	86	7	2010
Miscellaneous Misdemeanors	143	7	2010
Animal Complaints	41	7	2010
Threats, Harassment	140	7	2010
Person Down/Injury	101	7	2010
Auto Thefts	220	7	2010
Persons - Lost, Found, Missing	59	7	2010
False Alarms	436	7	2010
Robbery	73	7	2010
Arrest	246	7	2010
Property - Missing, Found	117	7	2010
Reckless Burning	5	7	2010
Weapons Calls	35	7	2010
Lewd Conduct	30	7	2010
Fraud Calls	128	7	2010
Harbor Calls	16	7	2010
Drive By (No Injury)	5	7	2010
Other Vice	4	7	2010
Failure To Register (Sex Offender)	1	7	2010
Homicide	2	7	2010
Disturbances	2353	1	2016
Suspicious Circumstances	2540	1	2016
Other Property	537	1	2016
False Alacad	895	1	2016
Trespass	780	1	2016
Traffic Related Calls	3535	1	2016
Behavioral Health	371	1	2016
Nuisance, Mischief	600	1	2016
Hazards	245	1	2016
Burglary	646	1	2016
Motor Vehicle Collision Investigation	1394	1	2016
Liquor Violations	910	1	2016
Car Prowl	861	1	2016
Shoplifting	611	1	2016
Fraud Calls	249	1	2016
Weapons Calls	34	1	2016
Auto Thefts	502	1	2016
Narcotics Complaints	304	1	2016
Property Damage	311	1	2016
Miscellaneous Misdemeanors	93	1	2016
Animal Complaints	41	1	2016
Assaults	290	1	2016
Arrest	124	1	2016
Property - Missing, Found	215	1	2016
Persons - Lost, Found, Missing	75	1	2016
Prostitution	34	1	2016
Robbery	105	1	2016
Prowler	35	1	2016
Threats, Harassment	203	1	2016
Person Down/Injury	120	1	2016
Homicide	3	1	2016
Bike	38	1	2016
Lewd Conduct	35	1	2016
Drive By (No Injury)	9	1	2016
Public Gatherings	10	1	2016
Reckless Burning	1	1	2016
Harbor Calls	8	1	2016
Other Vice	4	1	2016
Failure To Register (Sex Offender)	1	1	2016
Assaults	1	5	2010
Property Damage	3	5	2010
Auto Thefts	10	5	2010
Narcotics Complaints	2	5	2010
Other Property	1	5	2010
Burglary	4	5	2010
Fraud Calls	1	5	2010
Nuisance, Mischief 	1	5	2010
Suspicious Circumstances	1	5	2010
Accident Investigation	1	5	2010
Animal Complaints	1	5	2010
Threats, Harassment	2	5	2010
Disturbances	1	5	2010
Traffic Related Calls	4183	6	2016
Shoplifting	669	6	2016
Disturbances	3419	6	2016
Car Prowl	689	6	2016
Suspicious Circumstances	3217	6	2016
Motor Vehicle Collision Investigation	1583	6	2016
False Alacad	1073	6	2016
Trespass	801	6	2016
Miscellaneous Misdemeanors	128	6	2016
Property Damage	422	6	2016
Liquor Violations	1138	6	2016
Nuisance, Mischief	740	6	2016
Behavioral Health	495	6	2016
Burglary	559	6	2016
Auto Thefts	412	6	2016
Hazards	352	6	2016
Narcotics Complaints	362	6	2016
Person Down/Injury	180	6	2016
Assaults	420	6	2016
Other Property	581	6	2016
Threats, Harassment	238	6	2016
Persons - Lost, Found, Missing	138	6	2016
Robbery	130	6	2016
Lewd Conduct	93	6	2016
Property - Missing, Found	297	6	2016
Prostitution	32	6	2016
Fraud Calls	263	6	2016
Weapons Calls	63	6	2016
Prowler	39	6	2016
Arrest	138	6	2016
Animal Complaints	80	6	2016
Bike	76	6	2016
Harbor Calls	56	6	2016
Drive By (No Injury)	9	6	2016
Public Gatherings	11	6	2016
Homicide	3	6	2016
Other Vice	6	6	2016
Failure To Register (Sex Offender)	2	6	2016
Vice Calls	1	6	2016
Reckless Burning	4	6	2016
Car Prowl	12	6	2010
Traffic Related Calls	3	6	2010
Disturbances	1	6	2010
Suspicious Circumstances	1	6	2010
Assaults	2	6	2010
Auto Thefts	19	6	2010
Other Property	10	6	2010
Accident Investigation	2	6	2010
Shoplifting	8	6	2010
Fraud Calls	6	6	2010
Property Damage	3	6	2010
Miscellaneous Misdemeanors	1	6	2010
Bike	2	6	2010
Property - Missing, Found	4	6	2010
Burglary	3	6	2010
Threats, Harassment	2	6	2010
Motor Vehicle Collision Investigation	1440	5	2016
False Alacad	1020	5	2016
Liquor Violations	1194	5	2016
Disturbances	3378	5	2016
Traffic Related Calls	4022	5	2016
Assaults	412	5	2016
Other Property	578	5	2016
Trespass	847	5	2016
Nuisance, Mischief	746	5	2016
Shoplifting	656	5	2016
Threats, Harassment	214	5	2016
Suspicious Circumstances	3263	5	2016
Hazards	328	5	2016
Narcotics Complaints	383	5	2016
Behavioral Health	506	5	2016
Property - Missing, Found	281	5	2016
Property Damage	375	5	2016
Car Prowl	840	5	2016
Animal Complaints	65	5	2016
Person Down/Injury	132	5	2016
Miscellaneous Misdemeanors	124	5	2016
Persons - Lost, Found, Missing	114	5	2016
Auto Thefts	420	5	2016
Arrest	135	5	2016
Weapons Calls	55	5	2016
Bike	76	5	2016
Burglary	640	5	2016
Fraud Calls	255	5	2016
Harbor Calls	25	5	2016
Prostitution	17	5	2016
Robbery	122	5	2016
Lewd Conduct	67	5	2016
Drive By (No Injury)	8	5	2016
Prowler	25	5	2016
Public Gatherings	12	5	2016
Failure To Register (Sex Offender)	6	5	2016
Reckless Burning	4	5	2016
Other Vice	3	5	2016
Shoplifting	1	1	2010
Traffic Related Calls	6	1	2010
Auto Thefts	3	1	2010
Suspicious Circumstances	4	1	2010
Assaults	3	1	2010
Burglary	1	1	2010
Liquor Violations	1	1	2010
Other Property	1	1	2010
Narcotics Complaints	3	1	2010
Trespass	861	8	2010
Hazards	172	8	2010
Traffic Related Calls	5375	8	2010
Accident Investigation	1449	8	2010
Person Down/Injury	191	8	2010
Disturbances	3549	8	2010
Suspicious Circumstances	4737	8	2010
Miscellaneous Misdemeanors	302	8	2010
Arrest	591	8	2010
False Alarms	1002	8	2010
Car Prowl	769	8	2010
Other Property	643	8	2010
Liquor Violations	1309	8	2010
Threats, Harassment	277	8	2010
Mental Health	552	8	2010
Narcotics Complaints	651	8	2010
Property - Missing, Found	239	8	2010
Property Damage	398	8	2010
Auto Thefts	410	8	2010
Persons - Lost, Found, Missing	142	8	2010
Shoplifting	433	8	2010
Nuisance, Mischief 	544	8	2010
Burglary	650	8	2010
Robbery	136	8	2010
Assaults	377	8	2010
Lewd Conduct	53	8	2010
Animal Complaints	74	8	2010
Bike	75	8	2010
Fraud Calls	339	8	2010
Weapons Calls	60	8	2010
Prostitution	140	8	2010
Prowler	27	8	2010
Homicide	8	8	2010
Failure To Register (Sex Offender)	3	8	2010
Other Vice	10	8	2010
Harbor Calls	19	8	2010
Drive By (No Injury)	6	8	2010
Reckless Burning	3	8	2010
Auto Thefts	5	4	2010
Car Prowl	1	4	2010
Other Property	1	4	2010
Traffic Related Calls	2	4	2010
Suspicious Circumstances	2	4	2010
Traffic Related Calls	1	2	2010
Car Prowl	1	2	2010
Auto Thefts	2	2	2010
Assaults	1	2	2010
Shoplifting	1	2	2010
Robbery	1	2	2010
Fraud Calls	1	2	2010
Motor Vehicle Collision Investigation	1569	9	2016
Suspicious Circumstances	3141	9	2016
Traffic Related Calls	3798	9	2016
Other Property	521	9	2016
Property Damage	318	9	2016
Lewd Conduct	64	9	2016
False Alacad	948	9	2016
Liquor Violations	1138	9	2016
Narcotics Complaints	392	9	2016
Burglary	640	9	2016
Threats, Harassment	225	9	2016
Behavioral Health	440	9	2016
Property - Missing, Found	299	9	2016
Disturbances	3234	9	2016
Trespass	877	9	2016
Nuisance, Mischief	694	9	2016
Animal Complaints	60	9	2016
Auto Thefts	413	9	2016
Arrest	111	9	2016
Miscellaneous Misdemeanors	131	9	2016
Person Down/Injury	103	9	2016
Car Prowl	748	9	2016
Robbery	117	9	2016
Hazards	347	9	2016
Shoplifting	589	9	2016
Assaults	408	9	2016
Weapons Calls	51	9	2016
Prostitution	25	9	2016
Fraud Calls	251	9	2016
Prowler	36	9	2016
Persons - Lost, Found, Missing	110	9	2016
Bike	91	9	2016
Drive By (No Injury)	3	9	2016
Reckless Burning	5	9	2016
Failure To Register (Sex Offender)	8	9	2016
Public Gatherings	12	9	2016
Other Vice	5	9	2016
Harbor Calls	21	9	2016
Traffic Related Calls	1	3	2010
Auto Thefts	2	3	2010
Arrest	1	3	2010
Burglary	1	3	2010
Fraud Calls	1	3	2010
Disturbances	1	3	2010
Car Prowl	2	3	2010
Suspicious Circumstances	1	3	2010
Trespass	818	9	2010
Traffic Related Calls	5340	9	2010
Shoplifting	478	9	2010
Suspicious Circumstances	4230	9	2010
Assaults	398	9	2010
False Alarms	809	9	2010
Other Property	646	9	2010
Nuisance, Mischief 	502	9	2010
Disturbances	3074	9	2010
Car Prowl	762	9	2010
Liquor Violations	1124	9	2010
Narcotics Complaints	703	9	2010
Mental Health	553	9	2010
Arrest	542	9	2010
Accident Investigation	1357	9	2010
Other Vice	11	9	2010
Miscellaneous Misdemeanors	234	9	2010
Auto Thefts	419	9	2010
Threats, Harassment	268	9	2010
Lewd Conduct	39	9	2010
Prostitution	135	9	2010
Robbery	123	9	2010
Property Damage	365	9	2010
Burglary	660	9	2010
Persons - Lost, Found, Missing	135	9	2010
Hazards	153	9	2010
Person Down/Injury	191	9	2010
Fraud Calls	266	9	2010
Property - Missing, Found	179	9	2010
Prowler	39	9	2010
Weapons Calls	64	9	2010
Bike	76	9	2010
Animal Complaints	58	9	2010
Harbor Calls	16	9	2010
Failure To Register (Sex Offender)	7	9	2010
Drive By (No Injury)	6	9	2010
Homicide	11	9	2010
Reckless Burning	3	9	2010
Arrest	610	10	2010
Burglary	623	10	2010
Suspicious Circumstances	4395	10	2010
Trespass	846	10	2010
Disturbances	2844	10	2010
Auto Thefts	469	10	2010
Traffic Related Calls	5227	10	2010
False Alarms	813	10	2010
Mental Health	530	10	2010
Hazards	131	10	2010
Miscellaneous Misdemeanors	205	10	2010
Liquor Violations	1250	10	2010
Accident Investigation	1564	10	2010
Threats, Harassment	254	10	2010
Property Damage	390	10	2010
Assaults	400	10	2010
Narcotics Complaints	639	10	2010
Persons - Lost, Found, Missing	123	10	2010
Fraud Calls	459	10	2010
Prowler	36	10	2010
Car Prowl	677	10	2010
Shoplifting	491	10	2010
Other Property	614	10	2010
Nuisance, Mischief 	455	10	2010
Animal Complaints	52	10	2010
Person Down/Injury	195	10	2010
Bike	79	10	2010
Property - Missing, Found	212	10	2010
Robbery	113	10	2010
Lewd Conduct	38	10	2010
Prostitution	142	10	2010
Other Vice	9	10	2010
Weapons Calls	55	10	2010
Failure To Register (Sex Offender)	2	10	2010
Homicide	5	10	2010
Harbor Calls	10	10	2010
Reckless Burning	6	10	2010
Drive By (No Injury)	6	10	2010
Suspicious Circumstances	3586	11	2010
Liquor Violations	979	11	2010
Nuisance, Mischief 	420	11	2010
Disturbances	2281	11	2010
Narcotics Complaints	472	11	2010
Traffic Related Calls	4593	11	2010
Assaults	299	11	2010
Mental Health	508	11	2010
Other Property	533	11	2010
Lewd Conduct	37	11	2010
False Alarms	819	11	2010
Arrest	499	11	2010
Burglary	550	11	2010
Car Prowl	822	11	2010
Prowler	27	11	2010
Trespass	732	11	2010
Robbery	134	11	2010
Auto Thefts	362	11	2010
Harbor Calls	13	11	2010
Accident Investigation	1449	11	2010
Property Damage	369	11	2010
Weapons Calls	36	11	2010
Fraud Calls	659	11	2010
Person Down/Injury	168	11	2010
Hazards	208	11	2010
Threats, Harassment	218	11	2010
Shoplifting	413	11	2010
Bike	42	11	2010
Property - Missing, Found	161	11	2010
Miscellaneous Misdemeanors	139	11	2010
Persons - Lost, Found, Missing	111	11	2010
Failure To Register (Sex Offender)	4	11	2010
Prostitution	108	11	2010
Animal Complaints	38	11	2010
Drive By (No Injury)	12	11	2010
Other Vice	2	11	2010
Homicide	5	11	2010
Reckless Burning	6	11	2010
Vice Calls	1	11	2010
Hazards	216	2	2016
Disturbances	2089	2	2016
Liquor Violations	930	2	2016
Property Damage	268	2	2016
Traffic Related Calls	3066	2	2016
Suspicious Circumstances	2421	2	2016
Car Prowl	707	2	2016
Behavioral Health	369	2	2016
Trespass	683	2	2016
Shoplifting	566	2	2016
Weapons Calls	53	2	2016
Fraud Calls	231	2	2016
Other Property	450	2	2016
Burglary	546	2	2016
False Alacad	813	2	2016
Property - Missing, Found	212	2	2016
Motor Vehicle Collision Investigation	1278	2	2016
Auto Thefts	412	2	2016
Assaults	265	2	2016
Arrest	111	2	2016
Lewd Conduct	43	2	2016
Nuisance, Mischief	539	2	2016
Robbery	83	2	2016
Person Down/Injury	94	2	2016
Narcotics Complaints	375	2	2016
Bike	35	2	2016
Miscellaneous Misdemeanors	93	2	2016
Persons - Lost, Found, Missing	64	2	2016
Threats, Harassment	158	2	2016
Prowler	27	2	2016
Animal Complaints	41	2	2016
Homicide	3	2	2016
Harbor Calls	6	2	2016
Other Vice	6	2	2016
Prostitution	12	2	2016
Public Gatherings	6	2	2016
Failure To Register (Sex Offender)	2	2	2016
Reckless Burning	1	2	2016
Drive By (No Injury)	5	2	2016
Burglary	716	12	2010
Prowler	33	12	2010
Suspicious Circumstances	2682	12	2010
Prostitution	38	12	2010
False Alarms	893	12	2010
Liquor Violations	879	12	2010
Accident Investigation	633	12	2010
Traffic Related Calls	3181	12	2010
Arrest	358	12	2010
Disturbances	1866	12	2010
Person Down/Injury	138	12	2010
Mental Health	474	12	2010
Nuisance, Mischief 	322	12	2010
Trespass	618	12	2010
Assaults	251	12	2010
Car Prowl	605	12	2010
Hazards	70	12	2010
Property Damage	353	12	2010
Other Property	541	12	2010
Threats, Harassment	221	12	2010
Animal Complaints	31	12	2010
Robbery	121	12	2010
Auto Thefts	336	12	2010
Miscellaneous Misdemeanors	86	12	2010
Narcotics Complaints	371	12	2010
Property - Missing, Found	143	12	2010
Fraud Calls	314	12	2010
Shoplifting	477	12	2010
Lewd Conduct	23	12	2010
Bike	24	12	2010
Persons - Lost, Found, Missing	103	12	2010
Weapons Calls	25	12	2010
Drive By (No Injury)	12	12	2010
Harbor Calls	10	12	2010
Other Vice	7	12	2010
Reckless Burning	6	12	2010
Homicide	3	12	2010
Failure To Register (Sex Offender)	4	12	2010
Trespass	626	1	2011
Traffic Related Calls	5713	1	2011
Auto Thefts	386	1	2011
Disturbances	2507	1	2011
Suspicious Circumstances	4458	1	2011
Mental Health	532	1	2011
Hazards	188	1	2011
Nuisance, Mischief 	8	1	2011
Prostitution	124	1	2011
Car Prowl	782	1	2011
Burglary	766	1	2011
False Alarms	826	1	2011
Accident Investigation	1376	1	2011
Other Property	644	1	2011
Liquor Violations	1325	1	2011
Assaults	376	1	2011
Property Damage	431	1	2011
Person Down/Injury	170	1	2011
Narcotics Complaints	689	1	2011
Shoplifting	473	1	2011
Threats, Harassment	235	1	2011
Robbery	140	1	2011
Arrest	593	1	2011
Miscellaneous Misdemeanors	136	1	2011
Property - Missing, Found	201	1	2011
Fraud Calls	273	1	2011
Animal Complaints	52	1	2011
Reckless Burning	3	1	2011
Lewd Conduct	37	1	2011
Persons - Lost, Found, Missing	121	1	2011
Nuisance, Mischief	596	1	2011
Harbor Calls	10	1	2011
Failure To Register (Sex Offender)	8	1	2011
Weapons Calls	46	1	2011
Other Vice	7	1	2011
Prowler	41	1	2011
Bike	25	1	2011
Drive By (No Injury)	14	1	2011
Vice Calls	12	1	2011
Homicide	2	1	2011
False Alarms	425	2	2011
Suspicious Circumstances	1913	2	2011
Car Prowl	317	2	2011
Traffic Related Calls	2269	2	2011
Disturbances	1169	2	2011
Auto Thefts	231	2	2011
Assaults	169	2	2011
Burglary	308	2	2011
Persons - Lost, Found, Missing	59	2	2011
Narcotics Complaints	302	2	2011
Trespass	246	2	2011
Arrest	283	2	2011
Hazards	96	2	2011
Other Property	292	2	2011
Liquor Violations	612	2	2011
Accident Investigation	551	2	2011
Mental Health	257	2	2011
Property - Missing, Found	90	2	2011
Threats, Harassment	118	2	2011
Nuisance, Mischief 	10	2	2011
Property Damage	189	2	2011
Animal Complaints	27	2	2011
Robbery	65	2	2011
Fraud Calls	115	2	2011
Shoplifting	184	2	2011
Harbor Calls	6	2	2011
Person Down/Injury	94	2	2011
Miscellaneous Misdemeanors	47	2	2011
Nuisance, Mischief	263	2	2011
Prostitution	48	2	2011
Failure To Register (Sex Offender)	3	2	2011
Weapons Calls	26	2	2011
Lewd Conduct	9	2	2011
Bike	10	2	2011
Prowler	13	2	2011
Other Vice	3	2	2011
Reckless Burning	1	2	2011
Homicide	3	2	2011
Vice Calls	1	2	2011
Trespass	422	6	2011
Suspicious Circumstances	3107	6	2011
Property - Missing, Found	195	6	2011
Traffic Related Calls	3307	6	2011
Mental Health	521	6	2011
False Alarms	651	6	2011
Auto Thefts	471	6	2011
Liquor Violations	1309	6	2011
Other Property	619	6	2011
Disturbances	2710	6	2011
Nuisance, Mischief 	485	6	2011
Threats, Harassment	196	6	2011
Hazards	166	6	2011
Arrest	358	6	2011
Person Down/Injury	140	6	2011
Burglary	482	6	2011
Narcotics Complaints	444	6	2011
Car Prowl	617	6	2011
Property Damage	390	6	2011
Miscellaneous Misdemeanors	164	6	2011
Accident Investigation	1225	6	2011
Assaults	318	6	2011
Fraud Calls	225	6	2011
Shoplifting	357	6	2011
Robbery	117	6	2011
Animal Complaints	56	6	2011
Bike	70	6	2011
Persons - Lost, Found, Missing	106	6	2011
Prostitution	74	6	2011
Lewd Conduct	49	6	2011
Failure To Register (Sex Offender)	5	6	2011
Prowler	19	6	2011
Weapons Calls	52	6	2011
Other Vice	2	6	2011
Harbor Calls	12	6	2011
Drive By (No Injury)	13	6	2011
Reckless Burning	5	6	2011
Homicide	2	6	2011
Nuisance, Mischief	48	6	2011
Suspicious Circumstances	1981	3	2011
Mental Health	321	3	2011
Traffic Related Calls	2300	3	2011
Car Prowl	371	3	2011
Burglary	402	3	2011
Assaults	188	3	2011
False Alarms	512	3	2011
Auto Thefts	241	3	2011
Other Property	368	3	2011
Shoplifting	263	3	2011
Liquor Violations	710	3	2011
Hazards	70	3	2011
Disturbances	1283	3	2011
Property Damage	203	3	2011
Fraud Calls	172	3	2011
Trespass	312	3	2011
Arrest	330	3	2011
Narcotics Complaints	317	3	2011
Robbery	83	3	2011
Accident Investigation	575	3	2011
Nuisance, Mischief 	250	3	2011
Property - Missing, Found	112	3	2011
Prostitution	53	3	2011
Threats, Harassment	167	3	2011
Miscellaneous Misdemeanors	82	3	2011
Animal Complaints	23	3	2011
Lewd Conduct	21	3	2011
Persons - Lost, Found, Missing	63	3	2011
Person Down/Injury	83	3	2011
Failure To Register (Sex Offender)	3	3	2011
Weapons Calls	27	3	2011
Other Vice	3	3	2011
Prowler	26	3	2011
Drive By (No Injury)	9	3	2011
Bike	16	3	2011
Harbor Calls	6	3	2011
Reckless Burning	2	3	2011
Nuisance, Mischief	46	3	2011
Suspicious Circumstances	3224	4	2011
Auto Thefts	423	4	2011
Car Prowl	580	4	2011
Traffic Related Calls	3719	4	2011
Persons - Lost, Found, Missing	92	4	2011
Other Property	533	4	2011
Person Down/Injury	160	4	2011
Disturbances	2308	4	2011
Assaults	319	4	2011
Property Damage	318	4	2011
Nuisance, Mischief 	459	4	2011
Arrest	460	4	2011
Shoplifting	364	4	2011
Mental Health	432	4	2011
Fraud Calls	243	4	2011
Narcotics Complaints	616	4	2011
Accident Investigation	1291	4	2011
Burglary	568	4	2011
Liquor Violations	1439	4	2011
Trespass	499	4	2011
False Alarms	713	4	2011
Robbery	117	4	2011
Threats, Harassment	205	4	2011
Property - Missing, Found	168	4	2011
Prostitution	86	4	2011
Animal Complaints	34	4	2011
Hazards	145	4	2011
Miscellaneous Misdemeanors	120	4	2011
Weapons Calls	47	4	2011
Prowler	29	4	2011
Bike	28	4	2011
Other Vice	7	4	2011
Drive By (No Injury)	2	4	2011
Lewd Conduct	59	4	2011
Harbor Calls	11	4	2011
Vice Calls	1	4	2011
Failure To Register (Sex Offender)	4	4	2011
Reckless Burning	2	4	2011
Homicide	1	4	2011
Nuisance, Mischief	46	4	2011
Suspicious Circumstances	3309	5	2011
Persons - Lost, Found, Missing	116	5	2011
Accident Investigation	1257	5	2011
Shoplifting	376	5	2011
Miscellaneous Misdemeanors	136	5	2011
Auto Thefts	473	5	2011
Assaults	357	5	2011
Car Prowl	741	5	2011
Traffic Related Calls	3839	5	2011
Narcotics Complaints	521	5	2011
Other Property	547	5	2011
Burglary	574	5	2011
Fraud Calls	210	5	2011
Property Damage	391	5	2011
Threats, Harassment	234	5	2011
Mental Health	536	5	2011
Nuisance, Mischief 	422	5	2011
False Alarms	741	5	2011
Disturbances	2604	5	2011
Liquor Violations	1297	5	2011
Property - Missing, Found	208	5	2011
Arrest	421	5	2011
Trespass	464	5	2011
Person Down/Injury	170	5	2011
Prowler	35	5	2011
Robbery	102	5	2011
Animal Complaints	59	5	2011
Other Vice	5	5	2011
Bike	37	5	2011
Lewd Conduct	45	5	2011
Prostitution	82	5	2011
Hazards	153	5	2011
Harbor Calls	13	5	2011
Weapons Calls	42	5	2011
Reckless Burning	3	5	2011
Drive By (No Injury)	4	5	2011
Failure To Register (Sex Offender)	4	5	2011
Nuisance, Mischief	52	5	2011
Disturbances	3863	7	2016
Suspicious Circumstances	3115	7	2016
Traffic Related Calls	3791	7	2016
False Alacad	1027	7	2016
Narcotics Complaints	399	7	2016
Arrest	143	7	2016
Fraud Calls	247	7	2016
Motor Vehicle Collision Investigation	1606	7	2016
Trespass	824	7	2016
Person Down/Injury	141	7	2016
Car Prowl	743	7	2016
Property - Missing, Found	309	7	2016
Nuisance, Mischief	1271	7	2016
Auto Thefts	442	7	2016
Assaults	413	7	2016
Liquor Violations	1289	7	2016
Behavioral Health	531	7	2016
Hazards	428	7	2016
Other Property	526	7	2016
Burglary	605	7	2016
Bike	100	7	2016
Threats, Harassment	241	7	2016
Robbery	114	7	2016
Miscellaneous Misdemeanors	112	7	2016
Shoplifting	746	7	2016
Persons - Lost, Found, Missing	135	7	2016
Property Damage	380	7	2016
Lewd Conduct	83	7	2016
Animal Complaints	69	7	2016
Prostitution	236	7	2016
Prowler	47	7	2016
Weapons Calls	69	7	2016
Harbor Calls	34	7	2016
Other Vice	7	7	2016
Drive By (No Injury)	9	7	2016
Failure To Register (Sex Offender)	3	7	2016
Reckless Burning	3	7	2016
Public Gatherings	7	7	2016
Homicide	1	7	2016
Traffic Related Calls	3740	7	2011
Other Property	730	7	2011
Disturbances	3560	7	2011
Mental Health	572	7	2011
Narcotics Complaints	543	7	2011
Property Damage	450	7	2011
Suspicious Circumstances	3789	7	2011
Threats, Harassment	226	7	2011
Liquor Violations	1384	7	2011
Arrest	415	7	2011
Nuisance, Mischief 	714	7	2011
Accident Investigation	1254	7	2011
Prostitution	95	7	2011
Robbery	129	7	2011
Auto Thefts	619	7	2011
False Alarms	832	7	2011
Hazards	253	7	2011
Person Down/Injury	184	7	2011
Assaults	377	7	2011
Car Prowl	627	7	2011
Property - Missing, Found	228	7	2011
Fraud Calls	244	7	2011
Lewd Conduct	48	7	2011
Animal Complaints	89	7	2011
Trespass	405	7	2011
Burglary	570	7	2011
Miscellaneous Misdemeanors	182	7	2011
Persons - Lost, Found, Missing	119	7	2011
Shoplifting	497	7	2011
Prowler	25	7	2011
Bike	70	7	2011
Other Vice	9	7	2011
Harbor Calls	21	7	2011
Drive By (No Injury)	11	7	2011
Reckless Burning	12	7	2011
Weapons Calls	50	7	2011
Failure To Register (Sex Offender)	3	7	2011
Homicide	7	7	2011
Nuisance, Mischief	53	7	2011
False Alacad	969	10	2016
Behavioral Health	536	10	2016
Arrest	140	10	2016
Traffic Related Calls	3922	10	2016
Motor Vehicle Collision Investigation	1683	10	2016
Person Down/Injury	103	10	2016
Trespass	916	10	2016
Suspicious Circumstances	3022	10	2016
Disturbances	2941	10	2016
Property - Missing, Found	283	10	2016
Burglary	625	10	2016
Threats, Harassment	231	10	2016
Liquor Violations	1130	10	2016
Bike	71	10	2016
Animal Complaints	45	10	2016
Car Prowl	821	10	2016
Narcotics Complaints	337	10	2016
Other Property	546	10	2016
Shoplifting	676	10	2016
Property Damage	297	10	2016
Hazards	353	10	2016
Auto Thefts	534	10	2016
Persons - Lost, Found, Missing	85	10	2016
Other Vice	4	10	2016
Robbery	127	10	2016
Assaults	374	10	2016
Nuisance, Mischief	640	10	2016
Lewd Conduct	55	10	2016
Fraud Calls	253	10	2016
Miscellaneous Misdemeanors	72	10	2016
Prowler	38	10	2016
Weapons Calls	51	10	2016
Public Gatherings	8	10	2016
Prostitution	9	10	2016
Harbor Calls	20	10	2016
Drive By (No Injury)	6	10	2016
Failure To Register (Sex Offender)	4	10	2016
Homicide	2	10	2016
Reckless Burning	2	10	2016
False Alacad	593	11	2016
Suspicious Circumstances	1798	11	2016
Car Prowl	491	11	2016
Disturbances	1817	11	2016
Other Property	280	11	2016
Animal Complaints	19	11	2016
Auto Thefts	301	11	2016
Behavioral Health	280	11	2016
Traffic Related Calls	2313	11	2016
Hazards	206	11	2016
Liquor Violations	615	11	2016
Trespass	612	11	2016
Threats, Harassment	129	11	2016
Prostitution	15	11	2016
Nuisance, Mischief	361	11	2016
Motor Vehicle Collision Investigation	940	11	2016
Fraud Calls	150	11	2016
Burglary	345	11	2016
Narcotics Complaints	210	11	2016
Bike	30	11	2016
Property Damage	190	11	2016
Robbery	65	11	2016
Assaults	271	11	2016
Arrest	78	11	2016
Persons - Lost, Found, Missing	57	11	2016
Shoplifting	396	11	2016
Weapons Calls	19	11	2016
Property - Missing, Found	148	11	2016
Prowler	25	11	2016
Miscellaneous Misdemeanors	70	11	2016
Public Gatherings	20	11	2016
Lewd Conduct	23	11	2016
Person Down/Injury	78	11	2016
Drive By (No Injury)	13	11	2016
Harbor Calls	5	11	2016
Reckless Burning	1	11	2016
Failure To Register (Sex Offender)	11	11	2016
Other Vice	2	11	2016
Homicide	2	11	2016
Property Damage	358	8	2016
Property - Missing, Found	319	8	2016
Traffic Related Calls	3971	8	2016
Assaults	477	8	2016
Suspicious Circumstances	3164	8	2016
Liquor Violations	1137	8	2016
Disturbances	3595	8	2016
Other Property	599	8	2016
Car Prowl	765	8	2016
Nuisance, Mischief	781	8	2016
Robbery	123	8	2016
Shoplifting	704	8	2016
Motor Vehicle Collision Investigation	1597	8	2016
Auto Thefts	454	8	2016
Burglary	535	8	2016
Hazards	376	8	2016
Behavioral Health	481	8	2016
Other Vice	7	8	2016
Person Down/Injury	145	8	2016
Narcotics Complaints	390	8	2016
Lewd Conduct	98	8	2016
False Alacad	1016	8	2016
Weapons Calls	47	8	2016
Fraud Calls	260	8	2016
Trespass	844	8	2016
Threats, Harassment	235	8	2016
Public Gatherings	7	8	2016
Bike	96	8	2016
Arrest	140	8	2016
Miscellaneous Misdemeanors	87	8	2016
Animal Complaints	76	8	2016
Persons - Lost, Found, Missing	98	8	2016
Harbor Calls	47	8	2016
Prowler	33	8	2016
Prostitution	21	8	2016
Drive By (No Injury)	7	8	2016
Vice Calls	1	8	2016
Homicide	2	8	2016
Failure To Register (Sex Offender)	3	8	2016
Reckless Burning	6	8	2016
Nuisance, Mischief 	561	8	2011
Disturbances	3490	8	2011
Suspicious Circumstances	3711	8	2011
Liquor Violations	1312	8	2011
Traffic Related Calls	3883	8	2011
Assaults	415	8	2011
Persons - Lost, Found, Missing	120	8	2011
Trespass	434	8	2011
Accident Investigation	1332	8	2011
Person Down/Injury	204	8	2011
Burglary	639	8	2011
Auto Thefts	479	8	2011
Narcotics Complaints	599	8	2011
Car Prowl	744	8	2011
False Alarms	804	8	2011
Robbery	135	8	2011
Property Damage	412	8	2011
Arrest	373	8	2011
Miscellaneous Misdemeanors	223	8	2011
Mental Health	580	8	2011
Other Vice	4	8	2011
Fraud Calls	271	8	2011
Threats, Harassment	286	8	2011
Other Property	670	8	2011
Prostitution	59	8	2011
Property - Missing, Found	245	8	2011
Hazards	197	8	2011
Bike	70	8	2011
Shoplifting	472	8	2011
Lewd Conduct	47	8	2011
Harbor Calls	21	8	2011
Prowler	34	8	2011
Animal Complaints	89	8	2011
Weapons Calls	60	8	2011
Vice Calls	1	8	2011
Drive By (No Injury)	16	8	2011
Reckless Burning	5	8	2011
Homicide	2	8	2011
Failure To Register (Sex Offender)	2	8	2011
Nuisance, Mischief	41	8	2011
Assaults	372	9	2011
Traffic Related Calls	3401	9	2011
Disturbances	3141	9	2011
Auto Thefts	473	9	2011
Mental Health	587	9	2011
Burglary	592	9	2011
Suspicious Circumstances	3530	9	2011
Narcotics Complaints	558	9	2011
Nuisance, Mischief 	453	9	2011
Property Damage	370	9	2011
Prowler	23	9	2011
Property - Missing, Found	217	9	2011
Shoplifting	454	9	2011
Other Property	713	9	2011
Car Prowl	771	9	2011
Hazards	188	9	2011
Liquor Violations	1161	9	2011
False Alarms	778	9	2011
Persons - Lost, Found, Missing	125	9	2011
Accident Investigation	1264	9	2011
Trespass	447	9	2011
Threats, Harassment	247	9	2011
Arrest	372	9	2011
Miscellaneous Misdemeanors	157	9	2011
Prostitution	95	9	2011
Person Down/Injury	180	9	2011
Fraud Calls	201	9	2011
Animal Complaints	79	9	2011
Lewd Conduct	69	9	2011
Bike	81	9	2011
Harbor Calls	19	9	2011
Robbery	118	9	2011
Weapons Calls	55	9	2011
Drive By (No Injury)	11	9	2011
Other Vice	4	9	2011
Reckless Burning	4	9	2011
Homicide	5	9	2011
Nuisance, Mischief	31	9	2011
Assaults	404	10	2011
Shoplifting	530	10	2011
Narcotics Complaints	511	10	2011
Traffic Related Calls	3353	10	2011
Nuisance, Mischief 	413	10	2011
Disturbances	2816	10	2011
Suspicious Circumstances	3230	10	2011
Property - Missing, Found	151	10	2011
Accident Investigation	1316	10	2011
Other Property	652	10	2011
Hazards	178	10	2011
Mental Health	521	10	2011
False Alarms	666	10	2011
Burglary	683	10	2011
Lewd Conduct	47	10	2011
Miscellaneous Misdemeanors	114	10	2011
Liquor Violations	1095	10	2011
Person Down/Injury	183	10	2011
Car Prowl	681	10	2011
Trespass	447	10	2011
Threats, Harassment	232	10	2011
Auto Thefts	432	10	2011
Robbery	146	10	2011
Prostitution	75	10	2011
Drive By (No Injury)	5	10	2011
Bike	70	10	2011
Animal Complaints	42	10	2011
Property Damage	381	10	2011
Arrest	339	10	2011
Fraud Calls	258	10	2011
Other Vice	8	10	2011
Persons - Lost, Found, Missing	68	10	2011
Harbor Calls	17	10	2011
Weapons Calls	56	10	2011
Prowler	24	10	2011
Reckless Burning	5	10	2011
Homicide	3	10	2011
Failure To Register (Sex Offender)	1	10	2011
Nuisance, Mischief	31	10	2011
Fraud Calls	137	11	2011
Suspicious Circumstances	2304	11	2011
Traffic Related Calls	2620	11	2011
Arrest	233	11	2011
Property Damage	246	11	2011
Hazards	128	11	2011
Disturbances	1522	11	2011
Liquor Violations	721	11	2011
Persons - Lost, Found, Missing	69	11	2011
Other Property	368	11	2011
Miscellaneous Misdemeanors	54	11	2011
Burglary	463	11	2011
Trespass	278	11	2011
Person Down/Injury	108	11	2011
Accident Investigation	847	11	2011
Nuisance, Mischief 	240	11	2011
Mental Health	356	11	2011
Narcotics Complaints	262	11	2011
Shoplifting	382	11	2011
Threats, Harassment	143	11	2011
Auto Thefts	269	11	2011
False Alarms	541	11	2011
Car Prowl	470	11	2011
Prostitution	51	11	2011
Assaults	229	11	2011
Property - Missing, Found	131	11	2011
Weapons Calls	38	11	2011
Robbery	91	11	2011
Bike	29	11	2011
Prowler	19	11	2011
Harbor Calls	4	11	2011
Animal Complaints	32	11	2011
Lewd Conduct	21	11	2011
Other Vice	4	11	2011
Drive By (No Injury)	2	11	2011
Reckless Burning	1	11	2011
Homicide	1	11	2011
Nuisance, Mischief	41	11	2011
Traffic Related Calls	3558	4	2012
Homicide	5	4	2012
Shoplifting	502	4	2012
Disturbances	2666	4	2012
Assaults	362	4	2012
Other Property	644	4	2012
Burglary	466	4	2012
Accident Investigation	1256	4	2012
Suspicious Circumstances	3779	4	2012
Liquor Violations	1244	4	2012
Mental Health	542	4	2012
Car Prowl	817	4	2012
Prostitution	43	4	2012
Narcotics Complaints	564	4	2012
False Alarms	820	4	2012
Trespass	447	4	2012
Persons - Lost, Found, Missing	103	4	2012
Lewd Conduct	53	4	2012
Hazards	156	4	2012
Property Damage	411	4	2012
Weapons Calls	44	4	2012
Robbery	117	4	2012
Arrest	323	4	2012
Harbor Calls	21	4	2012
Nuisance, Mischief 	467	4	2012
Property - Missing, Found	188	4	2012
Miscellaneous Misdemeanors	120	4	2012
Threats, Harassment	240	4	2012
Failure To Register (Sex Offender)	5	4	2012
Auto Thefts	442	4	2012
Person Down/Injury	170	4	2012
Fraud Calls	273	4	2012
Drive By (No Injury)	16	4	2012
Prowler	27	4	2012
Animal Complaints	59	4	2012
Reckless Burning	8	4	2012
Bike	27	4	2012
Other Vice	3	4	2012
Nuisance, Mischief	27	4	2012
Liquor Violations	951	2	2015
Traffic Related Calls	2963	2	2015
Disturbances	2321	2	2015
Car Prowl	610	2	2015
Suspicious Circumstances	2434	2	2015
Prostitution	23	2	2015
Property - Missing, Found	212	2	2015
Property Damage	281	2	2015
Arrest	86	2	2015
Narcotics Complaints	289	2	2015
Trespass	520	2	2015
False Alarms	755	2	2015
Prowler	21	2	2015
Hazards	224	2	2015
Shoplifting	510	2	2015
Burglary	464	2	2015
Lewd Conduct	37	2	2015
Other Property	493	2	2015
Robbery	111	2	2015
Assaults	313	2	2015
Auto Thefts	389	2	2015
Threats, Harassment	181	2	2015
Nuisance, Mischief	477	2	2015
Person Down/Injury	92	2	2015
Bike	59	2	2015
Drive By (No Injury)	11	2	2015
Weapons Calls	33	2	2015
Fraud Calls	252	2	2015
Animal Complaints	33	2	2015
Persons - Lost, Found, Missing	72	2	2015
Miscellaneous Misdemeanors	66	2	2015
Harbor Calls	14	2	2015
Failure To Register (Sex Offender)	1	2	2015
Homicide	2	2	2015
Other Vice	2	2	2015
Mental Health	1	2	2015
Burglary	464	1	2015
Trespass	537	1	2015
Traffic Related Calls	2946	1	2015
Car Prowl	645	1	2015
Suspicious Circumstances	2213	1	2015
Disturbances	2028	1	2015
Liquor Violations	972	1	2015
Shoplifting	506	1	2015
Nuisance, Mischief	495	1	2015
Person Down/Injury	101	1	2015
Other Property	465	1	2015
False Alarms	747	1	2015
Mental Health	232	1	2015
Narcotics Complaints	220	1	2015
Assaults	282	1	2015
Robbery	109	1	2015
Hazards	258	1	2015
Drive By (No Injury)	10	1	2015
Property - Missing, Found	188	1	2015
Auto Thefts	467	1	2015
Miscellaneous Misdemeanors	61	1	2015
Accident Investigation	35	1	2015
Property Damage	261	1	2015
Weapons Calls	29	1	2015
Homicide	1	1	2015
Animal Complaints	38	1	2015
Threats, Harassment	181	1	2015
Prowler	25	1	2015
Arrest	112	1	2015
Other Vice	19	1	2015
Prostitution	42	1	2015
Bike	40	1	2015
Fraud Calls	187	1	2015
Lewd Conduct	36	1	2015
Vice Calls	1	1	2015
Persons - Lost, Found, Missing	69	1	2015
Harbor Calls	5	1	2015
Reckless Burning	1	1	2015
Suspicious Circumstances	2947	3	2016
Disturbances	2702	3	2016
Liquor Violations	1096	3	2016
Person Down/Injury	128	3	2016
Burglary	629	3	2016
Traffic Related Calls	3734	3	2016
Motor Vehicle Collision Investigation	1633	3	2016
False Alacad	1043	3	2016
Trespass	829	3	2016
Property - Missing, Found	244	3	2016
Weapons Calls	71	3	2016
Shoplifting	664	3	2016
Nuisance, Mischief	607	3	2016
Hazards	457	3	2016
Arrest	111	3	2016
Miscellaneous Misdemeanors	107	3	2016
Other Property	525	3	2016
Narcotics Complaints	412	3	2016
Car Prowl	740	3	2016
Assaults	402	3	2016
Auto Thefts	433	3	2016
Fraud Calls	228	3	2016
Threats, Harassment	226	3	2016
Behavioral Health	487	3	2016
Persons - Lost, Found, Missing	83	3	2016
Property Damage	310	3	2016
Bike	43	3	2016
Drive By (No Injury)	9	3	2016
Prostitution	14	3	2016
Lewd Conduct	49	3	2016
Prowler	44	3	2016
Robbery	118	3	2016
Animal Complaints	43	3	2016
Reckless Burning	5	3	2016
Harbor Calls	19	3	2016
Public Gatherings	10	3	2016
Other Vice	1	3	2016
Homicide	2	3	2016
Failure To Register (Sex Offender)	2	3	2016
Traffic Related Calls	4027	8	2012
Auto Thefts	459	8	2012
Shoplifting	677	8	2012
Disturbances	3999	8	2012
Assaults	405	8	2012
Suspicious Circumstances	4012	8	2012
Robbery	136	8	2012
Other Property	654	8	2012
Mental Health	547	8	2012
Nuisance, Mischief 	376	8	2012
False Alarms	883	8	2012
Car Prowl	600	8	2012
Trespass	483	8	2012
Accident Investigation	1272	8	2012
Property Damage	401	8	2012
Threats, Harassment	264	8	2012
Person Down/Injury	208	8	2012
Liquor Violations	1427	8	2012
Arrest	342	8	2012
Burglary	532	8	2012
Prostitution	71	8	2012
Miscellaneous Misdemeanors	198	8	2012
Hazards	238	8	2012
Animal Complaints	112	8	2012
Narcotics Complaints	558	8	2012
Fraud Calls	258	8	2012
Property - Missing, Found	258	8	2012
Bike	64	8	2012
Persons - Lost, Found, Missing	103	8	2012
Lewd Conduct	47	8	2012
Other Vice	8	8	2012
Prowler	26	8	2012
Reckless Burning	10	8	2012
Failure To Register (Sex Offender)	2	8	2012
Weapons Calls	55	8	2012
Harbor Calls	24	8	2012
Drive By (No Injury)	11	8	2012
Homicide	2	8	2012
Nuisance, Mischief	256	8	2012
Auto Thefts	395	4	2016
Burglary	579	4	2016
Car Prowl	737	4	2016
Suspicious Circumstances	2863	4	2016
Shoplifting	616	4	2016
Traffic Related Calls	3589	4	2016
Motor Vehicle Collision Investigation	1365	4	2016
Threats, Harassment	205	4	2016
Trespass	617	4	2016
Disturbances	2823	4	2016
Fraud Calls	225	4	2016
Property - Missing, Found	278	4	2016
Liquor Violations	1047	4	2016
Person Down/Injury	113	4	2016
Narcotics Complaints	345	4	2016
Nuisance, Mischief	626	4	2016
False Alacad	1022	4	2016
Other Property	485	4	2016
Assaults	367	4	2016
Behavioral Health	423	4	2016
Bike	72	4	2016
Property Damage	327	4	2016
Weapons Calls	35	4	2016
Miscellaneous Misdemeanors	112	4	2016
Drive By (No Injury)	8	4	2016
Hazards	237	4	2016
Prostitution	15	4	2016
Persons - Lost, Found, Missing	98	4	2016
Robbery	104	4	2016
Arrest	89	4	2016
Public Gatherings	10	4	2016
Lewd Conduct	52	4	2016
Prowler	25	4	2016
Animal Complaints	55	4	2016
Homicide	3	4	2016
Failure To Register (Sex Offender)	6	4	2016
Harbor Calls	15	4	2016
Other Vice	3	4	2016
Reckless Burning	4	4	2016
Traffic Related Calls	3769	12	2011
False Alarms	776	12	2011
Disturbances	2280	12	2011
Suspicious Circumstances	3147	12	2011
Liquor Violations	1116	12	2011
Other Property	589	12	2011
Accident Investigation	1229	12	2011
Assaults	284	12	2011
Mental Health	526	12	2011
Nuisance, Mischief 	357	12	2011
Property - Missing, Found	166	12	2011
Trespass	400	12	2011
Car Prowl	674	12	2011
Threats, Harassment	191	12	2011
Arrest	346	12	2011
Narcotics Complaints	409	12	2011
Person Down/Injury	131	12	2011
Property Damage	392	12	2011
Burglary	605	12	2011
Hazards	169	12	2011
Fraud Calls	217	12	2011
Miscellaneous Misdemeanors	65	12	2011
Shoplifting	481	12	2011
Auto Thefts	359	12	2011
Persons - Lost, Found, Missing	93	12	2011
Robbery	138	12	2011
Prostitution	42	12	2011
Other Vice	5	12	2011
Weapons Calls	52	12	2011
Prowler	27	12	2011
Bike	26	12	2011
Homicide	2	12	2011
Animal Complaints	35	12	2011
Drive By (No Injury)	8	12	2011
Lewd Conduct	23	12	2011
Harbor Calls	10	12	2011
Reckless Burning	4	12	2011
Failure To Register (Sex Offender)	2	12	2011
Nuisance, Mischief	26	12	2011
Hazards	257	1	2012
Disturbances	2218	1	2012
Trespass	457	1	2012
Suspicious Circumstances	2924	1	2012
Nuisance, Mischief 	377	1	2012
Mental Health	512	1	2012
Liquor Violations	1182	1	2012
Robbery	116	1	2012
Traffic Related Calls	3064	1	2012
False Alarms	729	1	2012
Threats, Harassment	178	1	2012
Accident Investigation	1176	1	2012
Assaults	356	1	2012
Person Down/Injury	141	1	2012
Drive By (No Injury)	11	1	2012
Weapons Calls	44	1	2012
Property Damage	352	1	2012
Car Prowl	611	1	2012
Property - Missing, Found	193	1	2012
Narcotics Complaints	387	1	2012
Miscellaneous Misdemeanors	106	1	2012
Auto Thefts	403	1	2012
Other Property	567	1	2012
Lewd Conduct	24	1	2012
Arrest	298	1	2012
Prowler	25	1	2012
Animal Complaints	59	1	2012
Burglary	569	1	2012
Shoplifting	531	1	2012
Fraud Calls	231	1	2012
Bike	26	1	2012
Persons - Lost, Found, Missing	84	1	2012
Prostitution	60	1	2012
Failure To Register (Sex Offender)	2	1	2012
Homicide	6	1	2012
Reckless Burning	2	1	2012
Other Vice	1	1	2012
Nuisance, Mischief	39	1	2012
Harbor Calls	1	1	2012
Car Prowl	604	2	2012
Suspicious Circumstances	3738	2	2012
Traffic Related Calls	3395	2	2012
Disturbances	2184	2	2012
Nuisance, Mischief 	446	2	2012
Mental Health	515	2	2012
False Alarms	700	2	2012
Trespass	478	2	2012
Assaults	313	2	2012
Accident Investigation	1055	2	2012
Arrest	391	2	2012
Liquor Violations	1256	2	2012
Prowler	20	2	2012
Narcotics Complaints	512	2	2012
Property Damage	391	2	2012
Other Property	572	2	2012
Person Down/Injury	173	2	2012
Threats, Harassment	229	2	2012
Burglary	522	2	2012
Robbery	97	2	2012
Auto Thefts	419	2	2012
Lewd Conduct	43	2	2012
Fraud Calls	220	2	2012
Hazards	115	2	2012
Persons - Lost, Found, Missing	92	2	2012
Property - Missing, Found	171	2	2012
Shoplifting	515	2	2012
Harbor Calls	10	2	2012
Miscellaneous Misdemeanors	87	2	2012
Animal Complaints	38	2	2012
Weapons Calls	52	2	2012
Failure To Register (Sex Offender)	7	2	2012
Prostitution	56	2	2012
Drive By (No Injury)	18	2	2012
Bike	27	2	2012
Homicide	8	2	2012
Reckless Burning	2	2	2012
Other Vice	4	2	2012
Nuisance, Mischief	34	2	2012
False Alarms	808	3	2012
Mental Health	592	3	2012
Traffic Related Calls	3840	3	2012
Liquor Violations	1296	3	2012
Burglary	579	3	2012
Suspicious Circumstances	3920	3	2012
Disturbances	2361	3	2012
Threats, Harassment	211	3	2012
Robbery	133	3	2012
Prowler	25	3	2012
Trespass	477	3	2012
Shoplifting	540	3	2012
Hazards	151	3	2012
Other Property	569	3	2012
Arrest	368	3	2012
Weapons Calls	41	3	2012
Narcotics Complaints	559	3	2012
Car Prowl	662	3	2012
Prostitution	39	3	2012
Nuisance, Mischief 	369	3	2012
Accident Investigation	1306	3	2012
Assaults	326	3	2012
Bike	22	3	2012
Animal Complaints	33	3	2012
Fraud Calls	281	3	2012
Persons - Lost, Found, Missing	112	3	2012
Auto Thefts	429	3	2012
Drive By (No Injury)	10	3	2012
Person Down/Injury	152	3	2012
Property Damage	375	3	2012
Property - Missing, Found	205	3	2012
Miscellaneous Misdemeanors	105	3	2012
Lewd Conduct	37	3	2012
Reckless Burning	4	3	2012
Failure To Register (Sex Offender)	4	3	2012
Harbor Calls	11	3	2012
Other Vice	1	3	2012
Homicide	4	3	2012
Nuisance, Mischief	19	3	2012
False Alarms	788	5	2012
Traffic Related Calls	3567	5	2012
Other Property	711	5	2012
Trespass	392	5	2012
Burglary	547	5	2012
Miscellaneous Misdemeanors	127	5	2012
Suspicious Circumstances	3817	5	2012
Disturbances	2957	5	2012
Robbery	147	5	2012
Arrest	346	5	2012
Hazards	215	5	2012
Narcotics Complaints	448	5	2012
Assaults	369	5	2012
Person Down/Injury	168	5	2012
Accident Investigation	1401	5	2012
Mental Health	620	5	2012
Nuisance, Mischief 	421	5	2012
Auto Thefts	484	5	2012
Car Prowl	735	5	2012
Liquor Violations	1257	5	2012
Property Damage	415	5	2012
Property - Missing, Found	228	5	2012
Shoplifting	522	5	2012
Threats, Harassment	244	5	2012
Fraud Calls	233	5	2012
Persons - Lost, Found, Missing	133	5	2012
Lewd Conduct	45	5	2012
Harbor Calls	22	5	2012
Weapons Calls	45	5	2012
Drive By (No Injury)	20	5	2012
Prowler	25	5	2012
Bike	62	5	2012
Prostitution	90	5	2012
Homicide	16	5	2012
Animal Complaints	71	5	2012
Reckless Burning	5	5	2012
Other Vice	6	5	2012
Failure To Register (Sex Offender)	3	5	2012
Nuisance, Mischief	89	5	2012
Assaults	378	6	2012
Traffic Related Calls	4088	6	2012
Disturbances	3333	6	2012
Suspicious Circumstances	3845	6	2012
Auto Thefts	492	6	2012
Shoplifting	583	6	2012
Robbery	127	6	2012
Mental Health	668	6	2012
False Alarms	766	6	2012
Person Down/Injury	204	6	2012
Liquor Violations	1279	6	2012
Arrest	329	6	2012
Accident Investigation	1400	6	2012
Burglary	511	6	2012
Nuisance, Mischief 	490	6	2012
Trespass	391	6	2012
Narcotics Complaints	521	6	2012
Car Prowl	598	6	2012
Prostitution	83	6	2012
Hazards	193	6	2012
Other Property	687	6	2012
Property - Missing, Found	207	6	2012
Fraud Calls	230	6	2012
Drive By (No Injury)	9	6	2012
Animal Complaints	55	6	2012
Persons - Lost, Found, Missing	120	6	2012
Miscellaneous Misdemeanors	158	6	2012
Threats, Harassment	238	6	2012
Bike	41	6	2012
Property Damage	370	6	2012
Other Vice	7	6	2012
Weapons Calls	52	6	2012
Prowler	27	6	2012
Harbor Calls	15	6	2012
Lewd Conduct	48	6	2012
Homicide	3	6	2012
Reckless Burning	5	6	2012
Failure To Register (Sex Offender)	1	6	2012
Nuisance, Mischief	64	6	2012
Assaults	527	7	2012
Disturbances	4813	7	2012
Suspicious Circumstances	4824	7	2012
Accident Investigation	1392	7	2012
Hazards	300	7	2012
Traffic Related Calls	4525	7	2012
False Alarms	1096	7	2012
Nuisance, Mischief 	607	7	2012
Liquor Violations	1520	7	2012
Other Property	804	7	2012
Shoplifting	780	7	2012
Person Down/Injury	213	7	2012
Car Prowl	835	7	2012
Threats, Harassment	329	7	2012
Robbery	159	7	2012
Reckless Burning	15	7	2012
Arrest	502	7	2012
Mental Health	660	7	2012
Narcotics Complaints	606	7	2012
Trespass	492	7	2012
Weapons Calls	87	7	2012
Bike	61	7	2012
Property Damage	553	7	2012
Miscellaneous Misdemeanors	208	7	2012
Prowler	41	7	2012
Auto Thefts	627	7	2012
Property - Missing, Found	341	7	2012
Other Vice	10	7	2012
Burglary	683	7	2012
Lewd Conduct	62	7	2012
Animal Complaints	113	7	2012
Persons - Lost, Found, Missing	150	7	2012
Prostitution	109	7	2012
Homicide	11	7	2012
Fraud Calls	358	7	2012
Harbor Calls	30	7	2012
Drive By (No Injury)	6	7	2012
Failure To Register (Sex Offender)	1	7	2012
Vice Calls	1	7	2012
Nuisance, Mischief	217	7	2012
Suspicious Circumstances	3437	9	2012
Disturbances	3461	9	2012
False Alarms	713	9	2012
Liquor Violations	1242	9	2012
Traffic Related Calls	3460	9	2012
Other Property	676	9	2012
Car Prowl	523	9	2012
Trespass	461	9	2012
Assaults	381	9	2012
Person Down/Injury	200	9	2012
Narcotics Complaints	464	9	2012
Nuisance, Mischief	572	9	2012
Property - Missing, Found	226	9	2012
Lewd Conduct	63	9	2012
Property Damage	352	9	2012
Shoplifting	456	9	2012
Fraud Calls	199	9	2012
Persons - Lost, Found, Missing	129	9	2012
Auto Thefts	463	9	2012
Accident Investigation	1315	9	2012
Homicide	17	9	2012
Threats, Harassment	227	9	2012
Miscellaneous Misdemeanors	160	9	2012
Mental Health	612	9	2012
Hazards	195	9	2012
Burglary	575	9	2012
Harbor Calls	12	9	2012
Prostitution	60	9	2012
Animal Complaints	85	9	2012
Arrest	425	9	2012
Bike	97	9	2012
Prowler	20	9	2012
Other Vice	6	9	2012
Weapons Calls	51	9	2012
Robbery	137	9	2012
Reckless Burning	7	9	2012
Drive By (No Injury)	9	9	2012
Suspicious Circumstances	3191	10	2012
Disturbances	2585	10	2012
Trespass	480	10	2012
Liquor Violations	1131	10	2012
Assaults	351	10	2012
Mental Health	622	10	2012
False Alarms	820	10	2012
Traffic Related Calls	3503	10	2012
Narcotics Complaints	514	10	2012
Nuisance, Mischief	441	10	2012
Auto Thefts	457	10	2012
Car Prowl	600	10	2012
Accident Investigation	1555	10	2012
Other Property	675	10	2012
Persons - Lost, Found, Missing	109	10	2012
Property Damage	388	10	2012
Burglary	637	10	2012
Fraud Calls	229	10	2012
Hazards	204	10	2012
Property - Missing, Found	203	10	2012
Threats, Harassment	209	10	2012
Shoplifting	572	10	2012
Person Down/Injury	181	10	2012
Bike	85	10	2012
Animal Complaints	49	10	2012
Robbery	142	10	2012
Miscellaneous Misdemeanors	109	10	2012
Prostitution	55	10	2012
Prowler	32	10	2012
Arrest	379	10	2012
Lewd Conduct	28	10	2012
Vice Calls	1	10	2012
Drive By (No Injury)	10	10	2012
Weapons Calls	43	10	2012
Reckless Burning	4	10	2012
Harbor Calls	15	10	2012
Homicide	3	10	2012
Other Vice	2	10	2012
Mental Health	553	11	2012
Shoplifting	559	11	2012
Assaults	338	11	2012
Hazards	177	11	2012
Traffic Related Calls	3201	11	2012
Disturbances	2322	11	2012
Suspicious Circumstances	2752	11	2012
False Alarms	790	11	2012
Persons - Lost, Found, Missing	82	11	2012
Liquor Violations	1121	11	2012
Property Damage	321	11	2012
Accident Investigation	1419	11	2012
Other Property	586	11	2012
Animal Complaints	53	11	2012
Nuisance, Mischief	377	11	2012
Car Prowl	705	11	2012
Burglary	740	11	2012
Trespass	402	11	2012
Narcotics Complaints	396	11	2012
Prowler	20	11	2012
Fraud Calls	217	11	2012
Miscellaneous Misdemeanors	83	11	2012
Property - Missing, Found	162	11	2012
Arrest	338	11	2012
Weapons Calls	45	11	2012
Threats, Harassment	223	11	2012
Robbery	133	11	2012
Harbor Calls	7	11	2012
Auto Thefts	412	11	2012
Prostitution	44	11	2012
Person Down/Injury	149	11	2012
Bike	48	11	2012
Lewd Conduct	28	11	2012
Failure To Register (Sex Offender)	3	11	2012
Other Vice	3	11	2012
Drive By (No Injury)	3	11	2012
Reckless Burning	4	11	2012
Disturbances	3971	7	2015
Traffic Related Calls	4134	7	2015
Liquor Violations	1106	7	2015
False Alarms	1200	7	2015
Suspicious Circumstances	3291	7	2015
Trespass	646	7	2015
Other Property	683	7	2015
Auto Thefts	409	7	2015
Prowler	56	7	2015
Behavioral Health	381	7	2015
Nuisance, Mischief	1403	7	2015
Motor Vehicle Collision Investigation	1639	7	2015
Assaults	464	7	2015
Arrest	141	7	2015
Car Prowl	734	7	2015
Burglary	666	7	2015
Narcotics Complaints	423	7	2015
Property - Missing, Found	349	7	2015
Shoplifting	614	7	2015
Person Down/Injury	139	7	2015
Hazards	413	7	2015
Bike	159	7	2015
Threats, Harassment	260	7	2015
Miscellaneous Misdemeanors	185	7	2015
Fraud Calls	284	7	2015
Property Damage	372	7	2015
Robbery	131	7	2015
Animal Complaints	84	7	2015
Lewd Conduct	81	7	2015
Drive By (No Injury)	18	7	2015
Weapons Calls	79	7	2015
Other Vice	9	7	2015
Persons - Lost, Found, Missing	103	7	2015
Harbor Calls	24	7	2015
Prostitution	65	7	2015
Public Gatherings	11	7	2015
Homicide	5	7	2015
Reckless Burning	5	7	2015
Suspicious Circumstances	2778	12	2012
False Alarms	766	12	2012
Traffic Related Calls	3155	12	2012
Nuisance, Mischief	352	12	2012
Disturbances	2222	12	2012
Liquor Violations	1070	12	2012
Hazards	144	12	2012
Trespass	392	12	2012
Accident Investigation	1317	12	2012
Prowler	30	12	2012
Other Property	612	12	2012
Property - Missing, Found	182	12	2012
Mental Health	618	12	2012
Burglary	626	12	2012
Other Vice	7	12	2012
Person Down/Injury	151	12	2012
Narcotics Complaints	290	12	2012
Auto Thefts	394	12	2012
Shoplifting	486	12	2012
Assaults	302	12	2012
Property Damage	320	12	2012
Harbor Calls	7	12	2012
Car Prowl	614	12	2012
Lewd Conduct	31	12	2012
Threats, Harassment	211	12	2012
Animal Complaints	36	12	2012
Miscellaneous Misdemeanors	75	12	2012
Arrest	308	12	2012
Weapons Calls	35	12	2012
Vice Calls	1	12	2012
Fraud Calls	194	12	2012
Robbery	121	12	2012
Persons - Lost, Found, Missing	95	12	2012
Prostitution	31	12	2012
Bike	34	12	2012
Failure To Register (Sex Offender)	1	12	2012
Drive By (No Injury)	6	12	2012
Reckless Burning	2	12	2012
Shoplifting	559	1	2013
Suspicious Circumstances	3273	1	2013
Liquor Violations	1169	1	2013
Traffic Related Calls	3534	1	2013
Fraud Calls	260	1	2013
Persons - Lost, Found, Missing	87	1	2013
False Alarms	818	1	2013
Disturbances	2451	1	2013
Nuisance, Mischief	384	1	2013
Accident Investigation	1366	1	2013
Mental Health	627	1	2013
Auto Thefts	472	1	2013
Car Prowl	635	1	2013
Robbery	150	1	2013
Burglary	689	1	2013
Property - Missing, Found	218	1	2013
Miscellaneous Misdemeanors	144	1	2013
Hazards	143	1	2013
Narcotics Complaints	411	1	2013
Other Property	672	1	2013
Arrest	446	1	2013
Harbor Calls	6	1	2013
Threats, Harassment	259	1	2013
Property Damage	341	1	2013
Failure To Register (Sex Offender)	3	1	2013
Person Down/Injury	168	1	2013
Assaults	313	1	2013
Bike	43	1	2013
Trespass	533	1	2013
Animal Complaints	49	1	2013
Weapons Calls	36	1	2013
Prostitution	59	1	2013
Lewd Conduct	28	1	2013
Drive By (No Injury)	4	1	2013
Prowler	19	1	2013
Reckless Burning	7	1	2013
Other Vice	6	1	2013
Homicide	3	1	2013
Auto Thefts	421	6	2015
Suspicious Circumstances	3034	6	2015
Shoplifting	558	6	2015
Traffic Related Calls	3757	6	2015
Car Prowl	758	6	2015
Burglary	691	6	2015
Other Property	606	6	2015
Nuisance, Mischief	850	6	2015
Fraud Calls	278	6	2015
Liquor Violations	1140	6	2015
Disturbances	3538	6	2015
Persons - Lost, Found, Missing	113	6	2015
Threats, Harassment	231	6	2015
Property Damage	360	6	2015
Assaults	418	6	2015
Robbery	135	6	2015
Miscellaneous Misdemeanors	197	6	2015
Property - Missing, Found	326	6	2015
Hazards	306	6	2015
Trespass	604	6	2015
False Alarms	1098	6	2015
Arrest	103	6	2015
Narcotics Complaints	354	6	2015
Animal Complaints	91	6	2015
Person Down/Injury	146	6	2015
Bike	127	6	2015
Weapons Calls	64	6	2015
Lewd Conduct	78	6	2015
Prowler	34	6	2015
Other Vice	6	6	2015
Failure To Register (Sex Offender)	1	6	2015
Prostitution	49	6	2015
Drive By (No Injury)	13	6	2015
Harbor Calls	21	6	2015
Mental Health	1	6	2015
Reckless Burning	4	6	2015
Homicide	1	6	2015
Assaults	240	2	2013
Suspicious Circumstances	2693	2	2013
Traffic Related Calls	2429	2	2013
Disturbances	1936	2	2013
Arrest	322	2	2013
Car Prowl	397	2	2013
Accident Investigation	969	2	2013
Trespass	381	2	2013
Burglary	484	2	2013
False Alarms	602	2	2013
Shoplifting	404	2	2013
Mental Health	458	2	2013
Liquor Violations	1012	2	2013
Narcotics Complaints	360	2	2013
Robbery	119	2	2013
Prowler	19	2	2013
Property - Missing, Found	157	2	2013
Property Damage	288	2	2013
Person Down/Injury	138	2	2013
Miscellaneous Misdemeanors	96	2	2013
Auto Thefts	297	2	2013
Fraud Calls	160	2	2013
Other Property	429	2	2013
Threats, Harassment	186	2	2013
Weapons Calls	37	2	2013
Harbor Calls	10	2	2013
Homicide	2	2	2013
Hazards	98	2	2013
Nuisance, Mischief	311	2	2013
Lewd Conduct	30	2	2013
Prostitution	35	2	2013
Persons - Lost, Found, Missing	73	2	2013
Animal Complaints	25	2	2013
Reckless Burning	4	2	2013
Drive By (No Injury)	5	2	2013
Bike	25	2	2013
Other Vice	2	2	2013
Failure To Register (Sex Offender)	3	2	2013
Traffic Related Calls	1	7	2013
Property Damage	1	7	2013
Disturbances	1	7	2013
Trespass	1	7	2013
Traffic Related Calls	11	8	2013
Disturbances	16	8	2013
Suspicious Circumstances	6	8	2013
Other Property	5	8	2013
False Alarms	1	8	2013
Miscellaneous Misdemeanors	1	8	2013
Liquor Violations	3	8	2013
Property Damage	1	8	2013
Burglary	4	8	2013
Accident Investigation	6	8	2013
Mental Health	3	8	2013
Trespass	2	8	2013
Car Prowl	1	8	2013
Narcotics Complaints	2	8	2013
Property - Missing, Found	1	8	2013
Assaults	2	8	2013
Prowler	1	8	2013
Nuisance, Mischief	1	8	2013
Fraud Calls	1	8	2013
Traffic Related Calls	3900	8	2015
Disturbances	3799	8	2015
Car Prowl	798	8	2015
Property - Missing, Found	313	8	2015
Suspicious Circumstances	3330	8	2015
Liquor Violations	1095	8	2015
Motor Vehicle Collision Investigation	1634	8	2015
Trespass	578	8	2015
False Alarms	1070	8	2015
Behavioral Health	462	8	2015
Other Property	648	8	2015
Miscellaneous Misdemeanors	140	8	2015
Nuisance, Mischief	859	8	2015
Assaults	440	8	2015
Property Damage	386	8	2015
Weapons Calls	89	8	2015
Threats, Harassment	243	8	2015
Bike	102	8	2015
Auto Thefts	371	8	2015
Person Down/Injury	125	8	2015
Burglary	639	8	2015
Shoplifting	621	8	2015
Hazards	496	8	2015
Animal Complaints	77	8	2015
Lewd Conduct	81	8	2015
Persons - Lost, Found, Missing	96	8	2015
Harbor Calls	32	8	2015
Fraud Calls	313	8	2015
Robbery	132	8	2015
Narcotics Complaints	448	8	2015
Arrest	121	8	2015
Prostitution	44	8	2015
Prowler	38	8	2015
Other Vice	7	8	2015
Failure To Register (Sex Offender)	2	8	2015
Drive By (No Injury)	19	8	2015
Public Gatherings	11	8	2015
Homicide	6	8	2015
Reckless Burning	7	8	2015
Disturbances	8	9	2013
Suspicious Circumstances	4	9	2013
Traffic Related Calls	3	9	2013
Shoplifting	2	9	2013
Hazards	1	9	2013
Liquor Violations	2	9	2013
Property Damage	1	9	2013
Other Property	2	9	2013
Fraud Calls	1	9	2013
Behavioral Health	440	9	2015
Motor Vehicle Collision Investigation	1516	9	2015
Suspicious Circumstances	2949	9	2015
Burglary	613	9	2015
Shoplifting	664	9	2015
Disturbances	3043	9	2015
Liquor Violations	1073	9	2015
False Alarms	918	9	2015
Traffic Related Calls	3625	9	2015
Narcotics Complaints	380	9	2015
Auto Thefts	419	9	2015
Lewd Conduct	57	9	2015
Nuisance, Mischief	723	9	2015
Assaults	394	9	2015
Trespass	650	9	2015
Threats, Harassment	205	9	2015
Fraud Calls	260	9	2015
Car Prowl	852	9	2015
Other Property	583	9	2015
Bike	124	9	2015
Hazards	307	9	2015
Harbor Calls	27	9	2015
Person Down/Injury	121	9	2015
Robbery	123	9	2015
Property Damage	328	9	2015
Miscellaneous Misdemeanors	156	9	2015
Arrest	95	9	2015
Weapons Calls	52	9	2015
Prowler	30	9	2015
Persons - Lost, Found, Missing	89	9	2015
Property - Missing, Found	286	9	2015
Animal Complaints	55	9	2015
Public Gatherings	16	9	2015
Other Vice	3	9	2015
Prostitution	23	9	2015
Drive By (No Injury)	7	9	2015
Failure To Register (Sex Offender)	1	9	2015
Homicide	1	9	2015
Reckless Burning	5	9	2015
Vice Calls	2	9	2015
Suspicious Circumstances	2533	11	2015
Car Prowl	975	11	2015
Disturbances	2285	11	2015
Traffic Related Calls	3536	11	2015
Property Damage	301	11	2015
Trespass	688	11	2015
Persons - Lost, Found, Missing	80	11	2015
Hazards	326	11	2015
Motor Vehicle Collision Investigation	1484	11	2015
Animal Complaints	42	11	2015
Narcotics Complaints	334	11	2015
Liquor Violations	1110	11	2015
False Alacad	737	11	2015
Nuisance, Mischief	490	11	2015
Behavioral Health	383	11	2015
Shoplifting	556	11	2015
Property - Missing, Found	258	11	2015
Other Property	482	11	2015
Bike	61	11	2015
Fraud Calls	252	11	2015
Auto Thefts	394	11	2015
Burglary	710	11	2015
Miscellaneous Misdemeanors	71	11	2015
Assaults	342	11	2015
Prowler	21	11	2015
Lewd Conduct	42	11	2015
Arrest	100	11	2015
Threats, Harassment	193	11	2015
Robbery	100	11	2015
Person Down/Injury	126	11	2015
Weapons Calls	48	11	2015
Public Gatherings	9	11	2015
Harbor Calls	11	11	2015
Prostitution	10	11	2015
Other Vice	3	11	2015
Drive By (No Injury)	6	11	2015
Failure To Register (Sex Offender)	3	11	2015
False Alarms	240	11	2015
Disturbances	2865	10	2015
Traffic Related Calls	3476	10	2015
Suspicious Circumstances	2819	10	2015
Narcotics Complaints	377	10	2015
Other Property	556	10	2015
False Alarms	892	10	2015
Property - Missing, Found	295	10	2015
Trespass	671	10	2015
Property Damage	319	10	2015
Motor Vehicle Collision Investigation	1502	10	2015
Fraud Calls	278	10	2015
Burglary	647	10	2015
Robbery	114	10	2015
Assaults	352	10	2015
Nuisance, Mischief	677	10	2015
Behavioral Health	405	10	2015
Auto Thefts	412	10	2015
Liquor Violations	976	10	2015
Threats, Harassment	241	10	2015
Persons - Lost, Found, Missing	79	10	2015
Weapons Calls	48	10	2015
Lewd Conduct	53	10	2015
Hazards	281	10	2015
Miscellaneous Misdemeanors	167	10	2015
Shoplifting	604	10	2015
Prostitution	13	10	2015
Arrest	114	10	2015
Person Down/Injury	123	10	2015
Car Prowl	828	10	2015
Reckless Burning	5	10	2015
Bike	99	10	2015
Other Vice	3	10	2015
Prowler	23	10	2015
Animal Complaints	30	10	2015
Harbor Calls	14	10	2015
Public Gatherings	13	10	2015
Drive By (No Injury)	7	10	2015
Homicide	4	10	2015
Failure To Register (Sex Offender)	2	10	2015
Weapons Calls	1	10	2013
Traffic Related Calls	16	10	2013
Liquor Violations	3	10	2013
Disturbances	11	10	2013
Person Down/Injury	1	10	2013
Suspicious Circumstances	17	10	2013
Narcotics Complaints	2	10	2013
Miscellaneous Misdemeanors	1	10	2013
Trespass	4	10	2013
Hazards	1	10	2013
Shoplifting	3	10	2013
Property Damage	1	10	2013
Car Prowl	5	10	2013
Other Property	3	10	2013
False Alarms	2	10	2013
Burglary	3	10	2013
Assaults	1	10	2013
Animal Complaints	1	10	2013
Threats, Harassment	2	10	2013
Persons - Lost, Found, Missing	1	10	2013
Suspicious Circumstances	2646	12	2015
Trespass	766	12	2015
Traffic Related Calls	3368	12	2015
Disturbances	2353	12	2015
False Alacad	1069	12	2015
Weapons Calls	46	12	2015
Liquor Violations	1025	12	2015
Persons - Lost, Found, Missing	76	12	2015
Burglary	720	12	2015
Auto Thefts	520	12	2015
Behavioral Health	431	12	2015
Person Down/Injury	108	12	2015
Shoplifting	670	12	2015
Narcotics Complaints	287	12	2015
Threats, Harassment	200	12	2015
Nuisance, Mischief	507	12	2015
Car Prowl	828	12	2015
Motor Vehicle Collision Investigation	1529	12	2015
Other Property	589	12	2015
Assaults	319	12	2015
Arrest	113	12	2015
Robbery	98	12	2015
Property Damage	297	12	2015
Fraud Calls	239	12	2015
Hazards	310	12	2015
Animal Complaints	38	12	2015
Bike	43	12	2015
Miscellaneous Misdemeanors	39	12	2015
Property - Missing, Found	248	12	2015
Prowler	23	12	2015
Lewd Conduct	31	12	2015
Drive By (No Injury)	12	12	2015
Prostitution	10	12	2015
Public Gatherings	6	12	2015
Reckless Burning	4	12	2015
Other Vice	2	12	2015
Harbor Calls	13	12	2015
Homicide	2	12	2015
Disturbances	203	11	2013
Burglary	47	11	2013
Shoplifting	31	11	2013
Suspicious Circumstances	233	11	2013
Traffic Related Calls	359	11	2013
Liquor Violations	69	11	2013
Auto Thefts	52	11	2013
Other Property	46	11	2013
Trespass	37	11	2013
Car Prowl	59	11	2013
Nuisance, Mischief	36	11	2013
Assaults	28	11	2013
Fraud Calls	35	11	2013
Threats, Harassment	12	11	2013
Narcotics Complaints	26	11	2013
False Alarms	72	11	2013
Lewd Conduct	2	11	2013
Robbery	11	11	2013
Mental Health	36	11	2013
Bike	5	11	2013
Hazards	16	11	2013
Arrest	16	11	2013
Other Vice	1	11	2013
Miscellaneous Misdemeanors	6	11	2013
Prostitution	8	11	2013
Accident Investigation	8	11	2013
Animal Complaints	4	11	2013
Property Damage	23	11	2013
Person Down/Injury	8	11	2013
Persons - Lost, Found, Missing	2	11	2013
Prowler	2	11	2013
Property - Missing, Found	11	11	2013
Weapons Calls	2	11	2013
Reckless Burning	1	11	2013
Drive By (No Injury)	1	11	2013
Narcotics Complaints	158	1	2014
Shoplifting	284	1	2014
Traffic Related Calls	1546	1	2014
Persons - Lost, Found, Missing	33	1	2014
Auto Thefts	300	1	2014
Disturbances	971	1	2014
Suspicious Circumstances	1108	1	2014
Threats, Harassment	109	1	2014
Mental Health	153	1	2014
Property Damage	133	1	2014
Car Prowl	441	1	2014
Liquor Violations	435	1	2014
Assaults	157	1	2014
Accident Investigation	24	1	2014
Property - Missing, Found	137	1	2014
Other Property	292	1	2014
Burglary	309	1	2014
Hazards	119	1	2014
Fraud Calls	139	1	2014
False Alarms	338	1	2014
Robbery	54	1	2014
Trespass	185	1	2014
Weapons Calls	19	1	2014
Nuisance, Mischief	180	1	2014
Arrest	58	1	2014
Bike	21	1	2014
Animal Complaints	17	1	2014
Person Down/Injury	60	1	2014
Lewd Conduct	16	1	2014
Miscellaneous Misdemeanors	20	1	2014
Reckless Burning	2	1	2014
Prostitution	20	1	2014
Drive By (No Injury)	3	1	2014
Prowler	12	1	2014
Homicide	4	1	2014
Harbor Calls	5	1	2014
Failure To Register (Sex Offender)	1	1	2014
Traffic Related Calls	3167	2	2014
Shoplifting	516	2	2014
Liquor Violations	977	2	2014
Robbery	92	2	2014
Suspicious Circumstances	2261	2	2014
Other Property	562	2	2014
Car Prowl	825	2	2014
Burglary	563	2	2014
Property Damage	290	2	2014
Disturbances	2006	2	2014
Weapons Calls	27	2	2014
Hazards	306	2	2014
False Alarms	917	2	2014
Mental Health	348	2	2014
Auto Thefts	513	2	2014
Nuisance, Mischief	418	2	2014
Prostitution	41	2	2014
Trespass	346	2	2014
Person Down/Injury	131	2	2014
Assaults	297	2	2014
Narcotics Complaints	321	2	2014
Property - Missing, Found	239	2	2014
Threats, Harassment	196	2	2014
Fraud Calls	275	2	2014
Arrest	108	2	2014
Miscellaneous Misdemeanors	46	2	2014
Lewd Conduct	20	2	2014
Accident Investigation	43	2	2014
Prowler	31	2	2014
Bike	36	2	2014
Reckless Burning	2	2	2014
Harbor Calls	11	2	2014
Persons - Lost, Found, Missing	60	2	2014
Animal Complaints	36	2	2014
Other Vice	1	2	2014
Homicide	5	2	2014
Failure To Register (Sex Offender)	3	2	2014
Drive By (No Injury)	3	2	2014
Suspicious Circumstances	2470	3	2014
Burglary	594	3	2014
Trespass	392	3	2014
Shoplifting	483	3	2014
Traffic Related Calls	2905	3	2014
False Alarms	723	3	2014
Fraud Calls	482	3	2014
Robbery	153	3	2014
Narcotics Complaints	279	3	2014
Mental Health	279	3	2014
Disturbances	1984	3	2014
Car Prowl	915	3	2014
Property Damage	381	3	2014
Nuisance, Mischief	445	3	2014
Auto Thefts	575	3	2014
Assaults	324	3	2014
Liquor Violations	883	3	2014
Arrest	137	3	2014
Persons - Lost, Found, Missing	96	3	2014
Person Down/Injury	125	3	2014
Other Property	638	3	2014
Property - Missing, Found	210	3	2014
Threats, Harassment	222	3	2014
Lewd Conduct	32	3	2014
Miscellaneous Misdemeanors	46	3	2014
Homicide	1	3	2014
Hazards	229	3	2014
Accident Investigation	47	3	2014
Animal Complaints	35	3	2014
Prostitution	41	3	2014
Bike	46	3	2014
Prowler	22	3	2014
Weapons Calls	45	3	2014
Harbor Calls	9	3	2014
Other Vice	3	3	2014
Failure To Register (Sex Offender)	2	3	2014
Drive By (No Injury)	4	3	2014
Reckless Burning	1	3	2014
Narcotics Complaints	331	4	2014
Traffic Related Calls	3338	4	2014
Disturbances	2385	4	2014
Suspicious Circumstances	2721	4	2014
False Alarms	927	4	2014
Animal Complaints	52	4	2014
Nuisance, Mischief	521	4	2014
Liquor Violations	1015	4	2014
Shoplifting	586	4	2014
Trespass	463	4	2014
Persons - Lost, Found, Missing	87	4	2014
Fraud Calls	369	4	2014
Property Damage	379	4	2014
Hazards	291	4	2014
Car Prowl	1084	4	2014
Burglary	577	4	2014
Other Property	622	4	2014
Property - Missing, Found	251	4	2014
Arrest	125	4	2014
Robbery	125	4	2014
Accident Investigation	38	4	2014
Threats, Harassment	228	4	2014
Person Down/Injury	136	4	2014
Auto Thefts	628	4	2014
Assaults	309	4	2014
Bike	83	4	2014
Lewd Conduct	41	4	2014
Prostitution	61	4	2014
Harbor Calls	11	4	2014
Mental Health	275	4	2014
Weapons Calls	46	4	2014
Failure To Register (Sex Offender)	2	4	2014
Miscellaneous Misdemeanors	79	4	2014
Prowler	18	4	2014
Other Vice	8	4	2014
Drive By (No Injury)	12	4	2014
Homicide	7	4	2014
False Alarms	981	5	2014
Nuisance, Mischief	579	5	2014
Disturbances	3006	5	2014
Liquor Violations	1132	5	2014
Person Down/Injury	145	5	2014
Traffic Related Calls	3988	5	2014
Shoplifting	656	5	2014
Miscellaneous Misdemeanors	89	5	2014
Suspicious Circumstances	3218	5	2014
Car Prowl	1115	5	2014
Mental Health	286	5	2014
Property - Missing, Found	275	5	2014
Trespass	474	5	2014
Other Property	619	5	2014
Fraud Calls	269	5	2014
Harbor Calls	26	5	2014
Auto Thefts	722	5	2014
Assaults	361	5	2014
Narcotics Complaints	360	5	2014
Property Damage	386	5	2014
Weapons Calls	57	5	2014
Robbery	134	5	2014
Hazards	336	5	2014
Burglary	611	5	2014
Threats, Harassment	212	5	2014
Arrest	110	5	2014
Lewd Conduct	61	5	2014
Bike	81	5	2014
Accident Investigation	43	5	2014
Prostitution	50	5	2014
Animal Complaints	63	5	2014
Drive By (No Injury)	14	5	2014
Prowler	18	5	2014
Persons - Lost, Found, Missing	103	5	2014
Reckless Burning	2	5	2014
Other Vice	9	5	2014
Failure To Register (Sex Offender)	2	5	2014
Homicide	2	5	2014
Hazards	359	6	2014
Suspicious Circumstances	3364	6	2014
Auto Thefts	826	6	2014
Liquor Violations	1127	6	2014
Traffic Related Calls	4215	6	2014
Trespass	533	6	2014
False Alarms	943	6	2014
Disturbances	3291	6	2014
Nuisance, Mischief	661	6	2014
Accident Investigation	28	6	2014
Assaults	395	6	2014
Car Prowl	962	6	2014
Shoplifting	667	6	2014
Mental Health	260	6	2014
Narcotics Complaints	380	6	2014
Burglary	603	6	2014
Property Damage	375	6	2014
Other Property	714	6	2014
Property - Missing, Found	278	6	2014
Threats, Harassment	269	6	2014
Arrest	152	6	2014
Animal Complaints	83	6	2014
Prowler	26	6	2014
Miscellaneous Misdemeanors	124	6	2014
Weapons Calls	52	6	2014
Person Down/Injury	149	6	2014
Persons - Lost, Found, Missing	122	6	2014
Robbery	143	6	2014
Bike	72	6	2014
Fraud Calls	305	6	2014
Prostitution	72	6	2014
Lewd Conduct	57	6	2014
Harbor Calls	24	6	2014
Homicide	6	6	2014
Drive By (No Injury)	7	6	2014
Other Vice	9	6	2014
Failure To Register (Sex Offender)	3	6	2014
Reckless Burning	1	6	2014
Vice Calls	1	6	2014
Miscellaneous Misdemeanors	116	7	2014
Suspicious Circumstances	3379	7	2014
Traffic Related Calls	4185	7	2014
Mental Health	311	7	2014
Shoplifting	603	7	2014
Property Damage	423	7	2014
False Alarms	1167	7	2014
Car Prowl	935	7	2014
Auto Thefts	722	7	2014
Disturbances	3683	7	2014
Liquor Violations	1112	7	2014
Hazards	448	7	2014
Bike	116	7	2014
Burglary	661	7	2014
Other Property	723	7	2014
Narcotics Complaints	386	7	2014
Animal Complaints	112	7	2014
Fraud Calls	276	7	2014
Nuisance, Mischief	1329	7	2014
Assaults	384	7	2014
Trespass	517	7	2014
Threats, Harassment	253	7	2014
Person Down/Injury	147	7	2014
Property - Missing, Found	315	7	2014
Lewd Conduct	71	7	2014
Robbery	123	7	2014
Persons - Lost, Found, Missing	127	7	2014
Arrest	135	7	2014
Prostitution	78	7	2014
Accident Investigation	34	7	2014
Weapons Calls	63	7	2014
Prowler	33	7	2014
Harbor Calls	30	7	2014
Reckless Burning	3	7	2014
Drive By (No Injury)	7	7	2014
Other Vice	14	7	2014
Homicide	3	7	2014
Other Property	544	8	2014
False Alarms	756	8	2014
Traffic Related Calls	3273	8	2014
Liquor Violations	821	8	2014
Disturbances	2942	8	2014
Persons - Lost, Found, Missing	74	8	2014
Nuisance, Mischief	571	8	2014
Fraud Calls	216	8	2014
Car Prowl	722	8	2014
Hazards	356	8	2014
Auto Thefts	429	8	2014
Arrest	108	8	2014
Suspicious Circumstances	2878	8	2014
Narcotics Complaints	298	8	2014
Animal Complaints	94	8	2014
Robbery	123	8	2014
Assaults	318	8	2014
Trespass	407	8	2014
Mental Health	262	8	2014
Shoplifting	464	8	2014
Threats, Harassment	201	8	2014
Prostitution	38	8	2014
Weapons Calls	52	8	2014
Property Damage	308	8	2014
Property - Missing, Found	233	8	2014
Lewd Conduct	59	8	2014
Person Down/Injury	113	8	2014
Burglary	453	8	2014
Accident Investigation	33	8	2014
Harbor Calls	30	8	2014
Bike	85	8	2014
Prowler	25	8	2014
Other Vice	12	8	2014
Miscellaneous Misdemeanors	88	8	2014
Homicide	1	8	2014
Failure To Register (Sex Offender)	1	8	2014
Drive By (No Injury)	11	8	2014
Reckless Burning	1	8	2014
Disturbances	2227	9	2014
Liquor Violations	724	9	2014
Traffic Related Calls	2588	9	2014
Property Damage	234	9	2014
Burglary	408	9	2014
Trespass	343	9	2014
Narcotics Complaints	223	9	2014
Nuisance, Mischief	413	9	2014
Car Prowl	581	9	2014
Hazards	333	9	2014
Suspicious Circumstances	2199	9	2014
Other Property	416	9	2014
Auto Thefts	431	9	2014
Property - Missing, Found	189	9	2014
Assaults	274	9	2014
Shoplifting	379	9	2014
Animal Complaints	50	9	2014
Mental Health	194	9	2014
Arrest	68	9	2014
False Alarms	521	9	2014
Robbery	110	9	2014
Threats, Harassment	150	9	2014
Other Vice	6	9	2014
Prostitution	22	9	2014
Accident Investigation	24	9	2014
Lewd Conduct	39	9	2014
Harbor Calls	12	9	2014
Person Down/Injury	79	9	2014
Miscellaneous Misdemeanors	33	9	2014
Weapons Calls	45	9	2014
Persons - Lost, Found, Missing	54	9	2014
Fraud Calls	177	9	2014
Bike	85	9	2014
Prowler	18	9	2014
Drive By (No Injury)	5	9	2014
Homicide	3	9	2014
Disturbances	2533	10	2014
Liquor Violations	1013	10	2014
Mental Health	277	10	2014
Other Property	646	10	2014
Traffic Related Calls	3262	10	2014
Burglary	575	10	2014
Shoplifting	590	10	2014
Car Prowl	827	10	2014
Suspicious Circumstances	2931	10	2014
False Alarms	822	10	2014
Nuisance, Mischief	678	10	2014
Trespass	533	10	2014
Hazards	567	10	2014
Property Damage	315	10	2014
Narcotics Complaints	335	10	2014
Threats, Harassment	203	10	2014
Property - Missing, Found	244	10	2014
Auto Thefts	657	10	2014
Lewd Conduct	55	10	2014
Assaults	320	10	2014
Person Down/Injury	114	10	2014
Animal Complaints	48	10	2014
Fraud Calls	273	10	2014
Prostitution	19	10	2014
Weapons Calls	44	10	2014
Robbery	101	10	2014
Persons - Lost, Found, Missing	65	10	2014
Arrest	126	10	2014
Bike	70	10	2014
Accident Investigation	25	10	2014
Prowler	22	10	2014
Miscellaneous Misdemeanors	106	10	2014
Harbor Calls	13	10	2014
Drive By (No Injury)	3	10	2014
Other Vice	12	10	2014
Vice Calls	1	10	2014
Reckless Burning	1	10	2014
Homicide	1	10	2014
Failure To Register (Sex Offender)	1	10	2014
Robbery	134	11	2014
Traffic Related Calls	3155	11	2014
Suspicious Circumstances	2610	11	2014
Assaults	313	11	2014
Disturbances	2242	11	2014
Liquor Violations	1103	11	2014
Shoplifting	614	11	2014
Other Vice	9	11	2014
Property Damage	331	11	2014
Auto Thefts	501	11	2014
Car Prowl	851	11	2014
Mental Health	255	11	2014
Persons - Lost, Found, Missing	86	11	2014
Drive By (No Injury)	11	11	2014
Person Down/Injury	132	11	2014
Threats, Harassment	204	11	2014
Burglary	600	11	2014
Hazards	355	11	2014
Other Property	532	11	2014
False Alarms	1017	11	2014
Nuisance, Mischief	569	11	2014
Narcotics Complaints	234	11	2014
Miscellaneous Misdemeanors	95	11	2014
Trespass	515	11	2014
Fraud Calls	244	11	2014
Bike	53	11	2014
Property - Missing, Found	206	11	2014
Arrest	103	11	2014
Animal Complaints	45	11	2014
Lewd Conduct	31	11	2014
Weapons Calls	41	11	2014
Prowler	21	11	2014
Harbor Calls	10	11	2014
Prostitution	15	11	2014
Accident Investigation	24	11	2014
Other Property	593	12	2014
Suspicious Circumstances	2314	12	2014
Traffic Related Calls	2714	12	2014
Disturbances	1959	12	2014
Car Prowl	768	12	2014
Assaults	288	12	2014
Shoplifting	532	12	2014
False Alarms	861	12	2014
Prostitution	9	12	2014
Robbery	107	12	2014
Liquor Violations	958	12	2014
Trespass	527	12	2014
Mental Health	206	12	2014
Property Damage	270	12	2014
Hazards	326	12	2014
Burglary	534	12	2014
Lewd Conduct	23	12	2014
Person Down/Injury	115	12	2014
Auto Thefts	361	12	2014
Prowler	24	12	2014
Nuisance, Mischief	498	12	2014
Fraud Calls	231	12	2014
Animal Complaints	29	12	2014
Persons - Lost, Found, Missing	85	12	2014
Property - Missing, Found	200	12	2014
Threats, Harassment	184	12	2014
Arrest	67	12	2014
Narcotics Complaints	184	12	2014
Bike	40	12	2014
Accident Investigation	40	12	2014
Miscellaneous Misdemeanors	32	12	2014
Homicide	5	12	2014
Harbor Calls	11	12	2014
Drive By (No Injury)	9	12	2014
Weapons Calls	28	12	2014
Reckless Burning	1	12	2014
Other Vice	2	12	2014
Bike	77	3	2015
Traffic Related Calls	3436	3	2015
Liquor Violations	1047	3	2015
False Alarms	888	3	2015
Assaults	314	3	2015
Fraud Calls	267	3	2015
Disturbances	2726	3	2015
Suspicious Circumstances	2866	3	2015
Shoplifting	553	3	2015
Narcotics Complaints	324	3	2015
Weapons Calls	47	3	2015
Other Property	589	3	2015
Trespass	652	3	2015
Property - Missing, Found	265	3	2015
Threats, Harassment	205	3	2015
Car Prowl	675	3	2015
Nuisance, Mischief	628	3	2015
Prowler	30	3	2015
Burglary	557	3	2015
Property Damage	347	3	2015
Persons - Lost, Found, Missing	72	3	2015
Hazards	313	3	2015
Person Down/Injury	126	3	2015
Animal Complaints	56	3	2015
Lewd Conduct	50	3	2015
Auto Thefts	446	3	2015
Miscellaneous Misdemeanors	97	3	2015
Arrest	100	3	2015
Prostitution	15	3	2015
Robbery	116	3	2015
Harbor Calls	8	3	2015
Mental Health	2	3	2015
Failure To Register (Sex Offender)	2	3	2015
Drive By (No Injury)	8	3	2015
Other Vice	3	3	2015
Homicide	2	3	2015
Vice Calls	1	3	2015
Reckless Burning	1	3	2015
False Alarms	930	4	2015
Trespass	665	4	2015
Suspicious Circumstances	2738	4	2015
Traffic Related Calls	3425	4	2015
Property Damage	360	4	2015
Liquor Violations	995	4	2015
Disturbances	2560	4	2015
Shoplifting	546	4	2015
Fraud Calls	250	4	2015
Burglary	559	4	2015
Narcotics Complaints	318	4	2015
Bike	97	4	2015
Robbery	99	4	2015
Threats, Harassment	213	4	2015
Nuisance, Mischief	663	4	2015
Assaults	325	4	2015
Failure To Register (Sex Offender)	2	4	2015
Property - Missing, Found	275	4	2015
Miscellaneous Misdemeanors	98	4	2015
Prowler	32	4	2015
Hazards	269	4	2015
Other Property	586	4	2015
Persons - Lost, Found, Missing	86	4	2015
Arrest	94	4	2015
Animal Complaints	46	4	2015
Car Prowl	710	4	2015
Auto Thefts	437	4	2015
Drive By (No Injury)	9	4	2015
Lewd Conduct	44	4	2015
Person Down/Injury	115	4	2015
Weapons Calls	47	4	2015
Prostitution	26	4	2015
Harbor Calls	13	4	2015
Mental Health	4	4	2015
Other Vice	6	4	2015
Vice Calls	1	4	2015
Reckless Burning	4	4	2015
Traffic Related Calls	3493	5	2015
Other Property	600	5	2015
Disturbances	3379	5	2015
Trespass	613	5	2015
Car Prowl	731	5	2015
Liquor Violations	1246	5	2015
Burglary	680	5	2015
Suspicious Circumstances	2925	5	2015
Bike	110	5	2015
Nuisance, Mischief	665	5	2015
Hazards	254	5	2015
False Alarms	942	5	2015
Assaults	435	5	2015
Robbery	107	5	2015
Homicide	2	5	2015
Narcotics Complaints	366	5	2015
Person Down/Injury	135	5	2015
Auto Thefts	416	5	2015
Property - Missing, Found	285	5	2015
Shoplifting	660	5	2015
Fraud Calls	258	5	2015
Threats, Harassment	214	5	2015
Prowler	31	5	2015
Animal Complaints	62	5	2015
Property Damage	358	5	2015
Weapons Calls	66	5	2015
Miscellaneous Misdemeanors	142	5	2015
Persons - Lost, Found, Missing	84	5	2015
Prostitution	37	5	2015
Lewd Conduct	71	5	2015
Arrest	112	5	2015
Harbor Calls	22	5	2015
Other Vice	5	5	2015
Drive By (No Injury)	4	5	2015
Mental Health	1	5	2015
Reckless Burning	2	5	2015
